Metric,Score
Accuracy,0.9300025577628102
Precision,0.7481005260081823
Recall,0.7664670658682635
